kind,value
client,031512ab-3bd0-4b6e-b4af-2cb467b95d7c
migration,20260701000000
migration,20260703000001
migration,20260711000001
migration,20260711000002
migration,20260714000001
migration,20260714000002
migration,20260714000003
migration,20260714000004
migration,20260716000001
migration,20260716000002
migration,20260716000003
migration,20260716000004
migration,20260716000005
migration,20260716000006
migration,20260716000007
migration,20260716000008
migration,20260716000010
migration,20260717000001
migration,20260717000002
migration,20260717000003
migration,20260717000004
migration,20260720000001
migration,20260901000001
migration,20260901000002
org,72fca9a0-6b41-4f8b-a385-ddb678456ed5